vol,num,corr,author,title,subtitle,editorial,series,publisher,contents
1949-1950,541,method,NOAUTHOR,"Как собирать коллекцию насекомых",NA,NA,"Центральная детская экскурсионно-туристическая станция Министерства просвещения РСФСР","Акад. пед. наук СССР",NA
1946-1948,283,nonfic,"Вялкин, А.","Календарь школьника на 1948 год",NA,NA,NA,"Краевое изд-во",NA
1932-1939,369,method,"Блох, Г. С.","Кроссворды абв..",NA,"Художн. Э. Вихман.",NA,Сотрудник,NA
1918-1931,7003,fic,"Опочинин, Е.","Сказ про птичьего ловца Никитку,",NA,"Рис. С, Герасимова.",NA,Гиз,NA
1949-1950,210,album,NOAUTHOR,Воробышко-воробей,NA,"Иллюстр. Е. В. Камшиловой.",NA,"Молотовское областное государств. изд-во",NA
1940-1945,999,method,NOAUTHOR,"Как собирать растения и составлять гербарий",NA,"Сост. Е. Кулькова.","В помощь юному натуралисту. Центр. детская экскурсионно-туристич. станция НКП РСФСР",Детиздат,NA
1932-1939,485,method,"Бутц, Ш. Ф.","Почва и растения",NA,NA,"В помощь деревенскому школьнику",Лоиз,NA
1932-1939,2312,method,"Михелян, А. А.","Работа юных авиамоделистов летом",NA,NA,"Горьковская краевая детская технич. и с.-х. станция и крайсовет Осоавиахима","Акад. пед. наук СССР",NA
1918-1931,7603,nonfic,"Пожарский, П. Ц.","Бунтовщик из вашего чайника",NA,NA,"Библиотека юного пионера. Научно-производственная серия","Огиз—Молодая гвардия",NA
1940-1945,642,album,"Даушвили, В.","Странные птицы",NA,"Иллюстр. автора.",NA,Детюниздат,NA
1932-1939,3739,nonfic,"Филистович, М. Г.","Из истории великих изобретений",NA,NA,NA,"Краевое кн-во",NA
1918-1931,7867,album,NOAUTHOR,"ПТИЧИЙ ДВОР","Картинкис текстом","Рис. С. Боим.","Библиотека «Дружные ребята»","Крестьянская газета",NA
1946-1948,1928,method,"Щукин, С.","Как вырастить капусту",NA,NA,"Центральная станция юных натуралистов Министерства просвещения РСФСР",Детгиз,NA
1918-1931,1135,nonfic,"Боголюбский, С. Н.","Как устроено и работает тело собаки и кошки",NA,"Изд. 2-е","Читальня советской школы","Работник просвещения",NA
1949-1950,1179,method,NOAUTHOR,"Программы учительских институтов","Детская литература","Составила А. Д. Гречишникова.","Главное управление высших учебных заведений Министерства просвещения РСФСР",Учпедгиз,NA
1918-1931,6511,method,"Мяздрикова, М. Н.","Лук и чеснок",NA,"Под ред. В. М. Маркова.","С.-х. библиотека пионера",Сельхозгиз,NA
1932-1939,3346,method,NOAUTHOR,"Справочник по работе юных друзей Красного креста",NA,"С предисл. С. Гарбузова и под ред. И. Брейтер.","Союз обществ Красного креста и Красного полумесяца СССР. Исполнительный комитет",Медгиз,NA
1940-1945,283,fic,"Вайло, Е. М.; Вайсерман, К. Н.","В боевые дни",Сборник,"Иллюстр. Л. Оганджанова.","Дом художеств. воспитания и технич. пропаганды им, Л. М. Кагановича","Акад. пед. наук СССР","Телеграмма товарища Сталина; Тревожная ночь; Ждем лета; На знакомом полустанке; Любимец отряда; И я участвую в войне; У станка; Зеленые враги; На сенокосе; Дары лета — Чудесная аптека; Знаешь ли ты, что.:; Готовьтесь к походам; Марш разведчиков; На привале; Измерь самого себя; Сам сшил; Козырек фуражки; Растут машинисты; Из окна вагона; Игры и аттракционы"
1918-1931,7197,method,NOAUTHOR,"ПАМЯТКА ПИОНЕРА-БЕЗБОЖНИКА",NA,NA,"Брянск. окружн. совет союза воинствующ. безбожников СССР. Брянск. окружн, бюро ДКО Ю11 при ОК ВЛКСМ","Акад. пед. наук СССР",NA
1918-1931,1518,nonfic,"Вейтков, Ф.","Дети борьбы",NA,NA,"Юные друзья МОПР","ЦК МОПР СССР",NA
1918-1931,7446,nonfic,"Пименова, Э.","На краю гибели","Из путешествий по Пентр. Азии Свена Гедина",NA,NA,"Начатки знаний",NA
1918-1931,3144,nonfic,"Енишерлов, П. [инж.]","Чудеса металлургии",NA,NA,"Библиотека юного пионера «Наука и техника»","Огиз—Молодая гвардия",NA
1940-1945,1808,nonfic,"Пилатов, Н. П.","Первое русское кругосветное плавание",NA,NA,NA,"Областное кн-во",NA
1940-1945,1588,nonfic,"Муратов, М. В.","Первые разведчики Великого пути",NA,NA,NA,Детгиз,NA
1951-1952,545,nonfic,"Дорохов, А.","Страна строит",NA,"Оформление Н. Шишловского. Страничные иллюстрации В. Бибикова. В. Богаткина, А. Кондратьева, Н. Никифорова, О. Шухвостова. Рисунки в тексте Л. Яницкого.",NA,Детгиз,"О чем эта книга. МЫ ИСПРАВЛЯЕМ ПРИРОДУ. Своенравная помощница; У воды — без воды; Три посева и один урожай; Самолет привез спешный груз; Один дождь за лето; Народ-хозяин; Огоньки на карте; От победы к победе; Великий план. МОРЯ, КОТОРЫХ НЕТ НА КАРТЕ. Зеленые защитники урожая; «Большая Волга»; Моряки в лесу; Капитан покупает учебники; Как происходят чудеса; Днепр в Крыму; Как река победит пустыню; Шесть тысяч и шесть. МИЛЛИАРД ЭЛЕКТРИЧЕСКИХ СЛУГ. Реки в упряжке; Гиганты на Волге; Там, где делают турбины; Молния мчится по проводам. ПО РЕЧНЫМ ДОРОГАМ. Куда ведет вода. Один плот и тридцать поездов; Многоэтажная река; Пароход поднимается по лестнице; Из Архангельска в Ялту на пароходе. МАШИНЫ-ВЕЛИКАНЫ. По стране бегут поезда; Электрический землекоп; Вода строит канал; Туннель в степи; Завод без рабочих; Дорога приехала на поезде; Пароход для вагонов; Грузовики-исполины; По шоссе катится дом; Повелители машин; В борьбе со стихией. СТРАНА СТРОИТЕЛЕЙ. «Волга» на Кавказе; О бетоне, траве и рыбах; Мрамор отразится в воде; Посылка из Ашхабада. ТАК БУДЕТ. Сказки становятся былью; Преображенная земля; По пустыне идет пароход; Город без дыма; Мы строим коммунизм"
1932-1939,179,nonfic,"Баев, К. Л. [проф.]; Шишаков, В. А.","О солнечном затмении 19 июня 1936 года",NA,"Под ред. проф. А. А. Михайлова.","Научные беседы выходного дня","ОНТИ, Главная ред. научно-попул. и юношеской лит-ры",NA
1932-1939,4046,method,"Шмакова, А.","Педальный роллер",NA,NA,"Центр. детская технич. станция им. Н. М. Шверника","Акад. пед. наук СССР",NA
1918-1931,5722,method,NOAUTHOR,"ЛЫЖНАЯ ВЫЛАЗКА",NA,NA,"Центр детск. физкульт. и оздоровит, станция","Физкультура и спорт",NA
1940-1945,968,nonfic,NOAUTHOR,"Как мы живем. (Письма советских детей.) Собрали Б. и Н",Иван-тер,NA,"Библиотечка пионервожатого","Огиз—Молодая гвардия",NA
1918-1931,10622,method,"Шиллингер, О.","Октябрь в пионерском клубе",NA,"Под ред. 3. И. Лилиной.",NA,Гиз,NA
1949-1950,622,method,NOAUTHOR,"Конкурс «Умелые руки»","Задания 4—6",NA,"Костромская областная станция юных техников и натуралистов. Заочный клуб юных мастеров","Акад. пед. наук СССР",NA
1918-1931,2832,album,NOAUTHOR,"ДИКИЕ ЗВЕРИ",NA,"Рис. А. Пестун-Дибровского.",NA,Культура,NA
1940-1945,1810,method,"Пинский, Н. С.","Личные средства защиты от OB",NA,NA,"Пионер! Будь готов к противохимической защите",Детгиз,NA
1951-1952,1916,nonfic,"Якубенко, А. В.","Кровь и кровообращение","С иллюстрациями",NA,"В помощь школьнику",Детгиз,NA
1932-1939,2258,nonfic,"Митрофанов, Н. М.","Техника в моделях","Модели по технологии горного и металлургии. производства","Илл. Н. Смольянинова.",NA,"ОНТИ, Главная ред. научно-попул. и юношеской лит-ры",NA
1932-1939,1899,fic,"Лебедев-Курган, Н.","Машинист Пустынин",NA,"Рис. Г. Нисского.",NA,"Огиз—Молодая гвардия",NA
1918-1931,10252,nonfic,"Чибизянов, Д.","Под знойным солнцем","В полях и джунглях Индии",NA,"Читальня советской школы","Работник просвещения",NA
1918-1931,10752,method,"Щербаков, В. С.","Наблюдения над насекомыми при помощи самодельных приборов","Для любителей, учащих и учащихся","Изд. 2-е",NA,Гиз,NA
1918-1931,2059,fic,"Геллер, И.","Евреи на земле",Сборник,NA,"Библиотека школьника",Гиз,NA
1949-1950,521,method,NOAUTHOR,"Инструкция по конкурсу на лучшего юного сборщика семян древесных и кустарниковых растений","С письмом к Т. Д. Лысенко «Поможем Родине победить засуху!»",NA,"Свердловский обком ВЛКСМ. Свердловская станция юных натуралистов","Акад. пед. наук СССР",NA
1918-1931,8027,method,NOAUTHOR,"РЕБЯТАМ О ПАСХЕ",NA,NA,NA,Безбожник,NA
1932-1939,2432,method,"Несмелов, Б. К.","Рыбы и рыболовство Ленинградской области и Карелии",NA,NA,"Краевая рабочая библиотека школьника ФЗС","Огиз — Учпедгиз",NA
1918-1931,5011,method,"Крюгер, Е. В.","Электрическая машина и опыты с нею",NA,NA,"Библиотека журн. «В мастерской природы». Для умелых рук","Научное кн-во",NA
1932-1939,2255а,method,"Митрофанов, Н. М.","Телеграф и телефон в кружке юных техников","Самодельный аппарат связи","Под ред. инж. Е. А. Николаева.",NA,ОНТИ,NA
1949-1950,200,nonfic,"Винокуров, И.; Флорич, Ф.","По- Южному Сахалину",NA,"Иллюстр. В. Ал-феевского.","Наша Родина",Детгиз,NA
1918-1931,7398,album,"Пестун-Дибровский, А.","Птицы и птички",NA,NA,NA,Культура,NA
1932-1939,1046а,method,"Гурьева, К. С.; Фролова, Д. А.; Шестакова, В. В.",Игрушка-самоделка,NA,NA,NA,"Азово-Черноморское краевое кн-во",NA
1940-1945,1397,album,NOAUTHOR,"Маленький художник",Книжка-раскраска,"Иллюстр. В. Бирюкова.",NA,Ростиздат,NA
1918-1931,2552,method,"Гусев, А. И.",Вместе,"Соревнование детей с родителями","Рис. Б. Нечаева.",NA,"Огиз—Молодая гвардия",NA
1949-1950,439,method,NOAUTHOR,"Жизнь и творчество В. Маяковского","Материал  и детской библиотеке к 20-летию со дня смерти поэта","Составитель А. Г. Бромберг. Обложка, титул и заставки П. Кузаняна.","Дом детской книги Детгиза. Школьная библиотека",Детгиз,NA
1918-1931,1670,fic,NOAUTHOR,ВЕСНОЙ,NA,"Рис. К. Спасского.",NA,"Новая деревня",NA
1940-1945,2319,fic,"Тимофеев, Б.","Две собачки",NA,"Иллюстр. Н. Муратова.",NA,"Огиз—Молодая гвардия",NA
1949-1950,1539,fic,NOAUTHOR,"Уральские огоньки. № 2",NA,NA,NA,"Челябинское областное государств, изд-во","Л. Татьяниче-ва. Наш Пушкин. (Стихотворение; В. Васнецов. Сергей Львович Ушков. (Очерк.) — С. Л. Ушков. Косули. (Очерк.) — В. Васнецов. Бобры в Ильменском заповеднике. (Очерк.) Детское творчество. (Раздел оформлен художником П. Кусковым.) Элла Жакова. Пушкин. (Стихотворение.)— Миша Барер. Победный Май. (Стихотворение.) —У нас в детском доме; Нюся Замотаева. У каждого своя грядка; Павлик Зотов. В поход на грызунов; Боря Рябов. Карка; Лида Келш. Чилим! Чилим! — Боря Валеев. . В Артек; Боря Борисенко. Первая победа; Рената Евдокимова Касли. (Стихотворение.) — Неля-Чацкая. 8 марта. (Стихотворение.) — Леня Комаров. Пернатый гость. (Стихотворение.) — Юные художники; Ответы на загадки, ребусы и пр. в № 1 «Уральские огоньки». Фамилии ребят, приславших правильные ответы"
1918-1931,10000,nonfic,"Хейсин, М.","Как Вася стал кооператором",NA,NA,NA,"Начатки знаний",NA
1918-1931,2756,fic,NOAUTHOR,"ДЕТИ ОКТЯБРЯ",NA,"Под ред. И. С. Рабиновича.","Библиотека «Молодого рабочего». Дети труда и борьбы","Огиз—Молодая гвардия",NA
1918-1931,2973,fic,NOAUTHOR,ДОН-КИХОТ,"История удивительного рыцаря",NA,NA,"И. Д. Сытин",NA
1918-1931,3173,method,"Ефимов, Е.","Юный кооператор","Как организовать школьный кооператив и вести работу в нем",NA,NA,Знание,NA
1946-1948,261,method,NOAUTHOR,"В помощь юному путешественнику и руководителю похода по изучению родного края",NA,NA,"Областной комитет ВЛКСМ","Акад. пед. наук СССР",NA
1918-1931,37,nonfic,"Аверин, В.",Весик,"История одного хорька","Изд. 2-е",NA,"Бессарабское кн-во",NA
1918-1931,3520,nonfic,"Заславский, Д.","Пионер номер первый",NA,"Рис. Б. Покровского.","Ударные книжки","Огиз—Молодая гвардия",NA
1946-1948,1766,fic,NOAUTHOR,"Уральские огоньки","Альманах  № 1","Обложка Фехнера.",NA,Челябгиз,"Н. Кутов. Повсюду огоньки горят. (Рис. Фехнера.) — Н. Заржевский. Уралочка. (Рис. Алюхина.) — Г. Тюричев. Советский воин; Н. Заржевский. Песня о родине. (Рис. Фехнера.) — A.  Подклетнов. Сын; Л. Преображенская. Наша улица. (Рис. Че-линцевой.) — Л. Шнейдер. Чемпион. (Рис. Фехнера.) — В. Галенко. Весенняя картинка. (Рис. Че-линцевой.) — Я. Вахменцев. Наша река. (Рис. Фехнера.) — Л. Шнейдер. Как мы путешествовали. (Рис. Челинцевой.) — Н. Кутов. Какое большое море? (Рис. Фехнера.) —• Н. Кутов. Письмо из Ашхабада. (Рис. Фехнера.) — В. Кузнецов. Три автобуса. (Рис. Челинцевой.) — Л. Преображенская. Пропавшая грамота. (Рис. Челинцевой.) — B.  Кузнецов. Мчится поезд. (Рис. Челинцевой.) — Г. Спектор. Памятный подарок. (Рис. Фехнера.) — И. Иванов. В поле. (Рис. Челинцевой.) — Для           маленьких: И. Иваное. Про рыбака, волка и лису. (Рис. Челинцевой.) — Л. Преображенская. Тараторочка. (Рис. Челинцевой.) — В. Кузнецов. Хороший денек. (Рис. Алюхина.) — Л. Преображенская. Ваня в лесу. (Рис. Челинцевой.) — В. Кузнецов. Считалки. (Рис. Фехнера.) — В. Кузнецов. Комар. (Рис. Челинцевой.) — Котюжинский. Десять братьев. Детское творчество: В. Кузнецов. Литературный кружок; Р. Столбушкин. Сталинский Урал; Р. Столбушкин. Первое мая; В. Садаков. Первый лагерный день Еремы. (Рис. Фехнера.) — В. Садаков. Купанье. (Рис. Фехнера.) — Л. Хас-кин. Уважительные причины; Ж. Подклетнова. Воробей; Г. Щербин. Раколовы. (Рис. Фехнера.) — Л. Хаскин. Утро. В родном краю: Л. Преображенская. Музей в селе Уйском. (Рис. Челинцевой.) — О. Колесникова. В гостях у юных натуралистов. (Рис. Челинцевой.) Памятные даты:  Е. Салтейский. Белинский. К 100-летию со дня смерти. (Рис. Фехнера.) — Е. Салтейский. Горький. К 80-летию со дня рождения. (Рис. Фехнера.) Книжная п о лк а: Ф. Ефимов. Книга уральских ребят. (Заставка Фехнера.) Будь сильным, ловким и смелым: Л. Шнейдер. Учись плавать брассом. (Заставка и рис. Утца.) — В часы досуга. (Рис. Фехнера.)"
1918-1931,7370,nonfic,"Перовский, Е. И.","По-божьему или по науке",NA,NA,"Антирелигиозная литературно-художественная библиотечка школьника 1 ступени",Гиз,NA
1932-1939,22,nonfic,"Авсюкевич, В. Д.","Как живет и работает воздушный флот","Моторист Илья Дятлов","Обл. М. Р.","Краев. библиотека школьника","Огиз — Гос. учебно-педагогич. изд-во",NA
1918-1931,10532,nonfic,"Шевяков, В.","Как делали паровоз",NA,NA,NA,"Огиз—Молодая гвардия",NA
1918-1931,290,album,NOAUTHOR,"АЛЬБОМ ДЛЯ ВЫРЕЗЫВАНИЯ И СКЛЕИВАНИЯ",NA,NA,NA,"Акад. пед. наук СССР",NA
1918-1931,7575,fic,NOAUTHOR,"ПОД ГНЕТОМ",Сборник,"Под ред. Н. Богданова. Рис. С. Герасимова. М.","Новая детская библиотека",Гиз,NA
1918-1931,7400,album,"Петри, А.","Раскраска. № 2","Картинки для раскрашивания","№ 2. Изд. 2-е",NA,Радуга,NA
1918-1931,4242,album,NOAUTHOR,"КАРТИННАЯ ГАЛЛЕРЕЯ МОЕЙ РАБОТЫ",NA,"Картинки для раскрашивания.",NA,"Начатки знаний",NA
1918-1931,6234,nonfic,"Меркульева, К. А.","Кем я хочу быть","Техника различных производств","Рис. Е. Бургункера, М. Дорогова, К. Дорохова.",NA,"Огиз—Молодая гвардия",NA
1949-1950,881,nonfic,"Меркульева, К.","Хозяева зеленого мира","Как советские люди управляют природой растений. Научный консультант кандидат сельскохозяйственных наук И. А. Сизов",NA,NA,Детгиз,NA
1918-1931,7728,album,"Поспелова, Н.",Лото,"Кто чем работает","Рис. Ф. Кондратова.","Настольные игры",Гиз,NA
1918-1931,5196,method,NOAUTHOR,ЛАГЕРЬ,NA,NA,"«Слушай, пионер»",Гиз,NA
1918-1931,1510,method,"Вейгелин, К. Е.","Как делать и пускать воздушные змеи",NA,NA,"Библиотека журн. «В мастерской природы». Для умелых рук","Научное кн-во",NA
1918-1931,10679,nonfic,"Шмидт, П. Ю.","Занимательная зоология","Очетжи и набооски из жизни животного царства","Ч. 2-я",NA,"Начатки знаний",NA
1918-1931,5505,nonfic,"Лещинская, С. И.","Ткач Петр Алексеев",NA,NA,"Библиотека юного ленинца","Всеукр. о-во содейств. юному ленинцу",NA
1918-1931,2469,nonfic,"Гугуев, П. А.","Мы вёрнемся","О Кантонском восстании 1927 г",NA,NA,"Огиз—Молодая гвардия",NA
1918-1931,2435,method,"Громова, А. И.","Самодельные игрушки","Картинки с пояснительным текстом",NA,NA,Гиз,NA
1918-1931,9268,fic,"Терещенко, М.",Сенька-арсеналец,NA,"Рис. Б. Крюкова.",NA,Культура,NA
1951-1952,1908,method,NOAUTHOR,"Юным натуралистам",NA,"Составитель В. Корчагина. Оформление В. Лазаревской. Цветные иллюстрации (вклейки) А. Стахеевой, Т. Коцу-бей, Т. Щербиновской и В. Белышева.","Школьная библиотека",Детгиз,NA
1932-1939,1385,method,"Зиф, О.","Твои друзья","Беседа о детях за рубежом",NA,"Библиотечка пионервожатого «Читай и обсуждай на сборах»","Огиз—Молодая гвардия",NA
1918-1931,2453,method,NOAUTHOR,"ГРЯДКА С ЗЕМЛЯНИКОЙ",NA,NA,"Центр. бюро юных натуралистов при Главсоцвосе НКП. В помощь юному натуралисту. Серия 1-я. Весна","Огиз—Молодая гвардия",NA
1940-1945,1897,fic,NOAUTHOR,"Про двух зайчиков",NA,NA,NA,"изд. Моск. кассы взаимопомощи пенсионеров научн. работников",NA
1946-1948,1930,method,"Щукин, С.","Как вырастить томаты","Выращивание тыкв и кабачков",NA,"Центральная станция юных натуралистов Министерства просвещения РСФСР",Детгиз,NA
1918-1931,7581,nonfic,"Подпольный, Н.","Путешествие северной сосны за границу",NA,NA,"Сев. краев, библиотека школьника","Гиз — Сев. краев. отд-ние",NA
1918-1931,8855,method,"Смоляров, Я.; Потапов, Н.","Смычка с солнцем и деревней","Пи-ионерский лагерь",NA,"Библиотека юного пионера","Огиз—Молодая гвардия",NA
1946-1948,442,method,NOAUTHOR,Детгиз,"Каталог книг. 1946","Обложка по эскизу художн. С. Те-лингатера.",NA,Детгиз,NA
1951-1952,159,fic,"Боголюбов, С.; Богословский, Н.","Боевые ребята","Выпуск четырнадцатый","Обложка О. Коровина.",NA,"Свердловское областное государств. изд-во","В. Стариков. Большой шагающий. (Рассказ.); Ю. Хазано-вич. Землесосный снаряд. (Рассказ.); С. Васильев. Волга-Дон. (Стихи.); В. Шустов. Правильный курс. (Рассказ.); Г. Ожоговская. Ученики третьего класса. (Главы из повести.); А. Бе-лянинов. Костина обида. (Рассказ.); Л. Федоров. Душевный камень. (Рассказ.); Е. Долинова. Наша мама. (Стихи.); Е. Покровская. Звонок. (Стихи.); В.  Батманов. Компас времен года. (Рассказ.) В ЧАСЫ ДОСУГА. Книжная полка; Задача; Интересное сложение; Лабиринт; Ребус; Арифметические головоломки; Головоломка; Какое число я задумал? — Географическая задача; Сделайте этот прибор; Ответы на вопросы; Ответы на ребусы и кроссворды, помещенные в «Боевых ребятах» № 13"
1918-1931,1450,nonfic,"Васькевич, Д.; Руф, В.","Осторожно, яд","Опыты с отравляющими веществами",NA,"Библиотека пионера-активиста. Серия «Пионер, крепи оборону страны»","Огиз—Молодая гвардия",NA
1932-1939,2265,nonfic,"Михайлова-Штерн, М. С.",Шопен,"Картины из жизни",NA,"Жизнь замечательных музыкантов. Для пионера и школьника",Музгиз,NA
1932-1939,2758,method,NOAUTHOR,"Пионерский лагерь",NA,NA,NA,Ленизо,NA
1932-1939,3883,method,NOAUTHOR,"Чертежи самоделок","К конкурсу на лучшие модели, проекты и игрушки-самоделки",NA,"Моек. гор. отдел нар. образ, и Моек, дом пионеров и октябрят","Акад. пед. наук СССР",NA
1940-1945,2721,nonfic,"Щербиновский, Н. С.","Шестиногие враги",NA,"Рис. Е. Рачева.",NA,Детиздат,NA
1918-1931,7585,method,"Подугольников, М.","К весенней работе юннатов","От Крайбюро юннатов. Директивы крайоно и крайкома ВЛКСМ. Поход за урожай, «день птиц», «день леса»",NA,"Н.-Волжск. краев, отд. народи, образ. Краевое бюро юных натуралистов","изд. Н.-Волжск. крайоно",NA
1918-1931,8467,method,"Семенников, А. Г.","Пионерам о работе колхозного отряда",NA,NA,"Библиотечка всесоюзн. перевыборов пионерактива","Огиз—Молодая гвардия",NA
1932-1939,1032,fic,"Гудов, И.","Годы и минуты",NA,"Под ред. Л. Кассиля. Рис. П. Алякринского.",NA,Детиздат,NA
1918-1931,9475,fic,"Тубельский, Л.","Два ленинца",NA,NA,"Дешевая книжка пионера",Прибой,NA
1918-1931,6980,fic,"Олесь, О.",Елочка,Стйхи,"Рис. Т. Москалевой.",NA,Культура,NA
1940-1945,1567,album,NOAUTHOR,"Мои игрушки","Приложение к «Детскому календарю» на 1946 год",NA,NA,Детгиз,"Дед-Мороз. Художники Н. Ушакова и Ю. Бу-гельский; Фонарики. Художник Н. Ушакова; Елка для кукол. Художник С. Чудаков; Прыгун-ки. Художники Н. Ушакова и Ю. Бугельский; Ветряной петушок. Художники Н. Ушакова и Ю. Бугельский; Змей Горыныч. Художник А. Лаптев; Утенок Тим. Художники Н. Ушакова и Ю. Бугельский; Утенок Пик. Художник С. Чудаков; Пистолет. Художник С. Чудаков; Кукольное представление про Емелю и про щучье веление. Художник В. Таубер; Воздушный змей. Художник П. Алякринский"
1918-1931,4401,fic,Клейменова,"Пеструшка и крысы",NA,"Рис. В. Козловского.",NA,Культура,NA
1951-1952,1295,nonfic,"Петров, М. Ф.","Кедр сибирский",NA,"Обложка И. Вяткина.","Библиотечка школьника-краеведа","Новосибирское областное государств. изд-во",NA
1932-1939,2023,nonfic,"Лункевич, В. В.","Среди насекомых",NA,NA,"Научно-популярная серия. Школьная библиотека",Сельхозгиз,NA
1918-1931,6350,fic,NOAUTHOR,МИТЯ-РЫБОЛОВ,NA,NA,NA,БИП,NA
1918-1931,7498,method,NOAUTHOR,"ПИОНЕРЫ В БОЙ ЗА КОЛХОЗЫ","Материалы к участию пионерских отрядов в походе за сплошную коллективизацию",NA,"Северо-кавказск. крайбюро ДКО","Северный Кавказ",NA
1918-1931,4590,method,"Козлов, А.","Крупицы ленинских дел","Опыт работы уральск. пионеров",NA,NA,"Акад. пед. наук СССР",NA
1918-1931,5072,nonfic,"Кульбин, А.",Собаки,NA,"Рис. Бойм и Корнякова.","Библиотека «Дружные ребята»","Крестьянская газета",NA
1918-1931,3804,nonfic,"Ильин, М. Я.","Десять фокусов Чудодеева",NA,"Изд. 2-е",NA,Гиз,NA
1932-1939,2809,nonfic,"Покровская, А. К.","К Новой Земле",NA,"Обложка — гравюра на дереве и оформление книги П. Рябова.",NA,Посредник,NA
1932-1939,1114,album,NOAUTHOR,"Детский календарь на 1938 г","Отрывной со стенкой",NA,NA,Соцэк-гиз,NA
1918-1931,10050,nonfic,"Хотинский, Е. С. [проф.]","Юный химик","Собрание простых химич. опытов, не требующих специальное лаборатории","Изд. 2-е","Библиотека юного ленинца","Всеукр. о-во содейств. юному ленинцу",NA
1918-1931,6390,nonfic,NOAUTHOR,"МОЙ УЧЕНЫЙ СКВОРЕЦ",NA,NA,"Библиотека юного натуралиста",Знание,NA
1940-1945,1412,method,"Марголина, М.","Пионер и школьник, умей оказать первую помощь",NA,NA,NA,Латгосиздат,NA
1940-1945,1918,fic,NOAUTHOR,"Прыг и скок","Приключения двух зайчат",NA,NA,Сотрудник,NA
1918-1931,634,nonfic,"Байсутов, Н. И.","У теплого моря","Как живут и чем промышляют крымские татары",NA,"Читальня советской школы","Работник просвещения",NA
1918-1931,3812,nonfic,"Ильин, М. Я.","Когда оживут вещи",NA,"Рис. Н. Ф. Лапшина.","Что будет завтра","Огиз—Молодая гвардия",NA
1918-1931,1978,method,"Ганин, А.","Памятка пионера о советских законах, защищающих права детей",NA,NA,NA,"Юридич. изд-во НКЮ РСФСР",NA
1932-1939,902,nonfic,NOAUTHOR,"Горная кудель",NA,NA,"Юношеская научно-технич. библиотека ОНТИ. Серия «Горное дело в рассказах». Под ред. Вл. А. Попова. Сборник III","Гос. научно-технич. горное изд-во","Горная кудель; Машины под землей; Первая практика"
1932-1939,2854,nonfic,"Потоцкий, В. М.","Нет больше отбросов",NA,NA,"Юношеская научно-технич. библиотека",Госхимтехиздат,NA
1932-1939,1822,method,"Кудрявцев, С.; Гапоненко, А.","Летающая модель гидросамолета","Практич. пособие для кружков юных авиастроителей","Художн. И. Теяен-баум.","Центр. авиамодельная лаборатория ЦС Осоавиахима СССР","ОНТИ, Главная ред. научно-попул. и юношеской лит-ры",NA
1940-1945,1920,nonfic,"Прянишников, В. И.","Путешествие по глобусу",NA,NA,NA,"Дом занимательной науки",NA
1949-1950,998,nonfic,"Нечкина, М. В.",Декабристы,NA,NA,"Школьная историческая библиотека",Учпедгиз,NA
1932-1939,143,method,NOAUTHOR,Аэробус,NA,NA,"Для умелых рук",Сотрудник,NA
1918-1931,3998,method,NOAUTHOR,"КАК РАБОТАТЬ ПИОНЕРУ","Беседы вожатого","Под ред. ЦБ юных пионеров.","Библиотечка из 15 книг.","Огиз—Молодая гвардия",NA
1946-1948,352,nonfic,"Глущенко, И. Е.","Мичурин — основоположник советской агробиологии",NA,NA,"Ученые — школьникам",Детгиз,"1. Прошлое наших культурных растений и домашних животных; 2. Научное понимание развития живой природы; 3. Жизненный путь И. В. Мичурина; 4. Принципы и методы работы И. В. Мичурина; 5. Агробиологическая наука продолжает дело Мичурина"
1918-1931,8848,method,"Смоляров, Я.","Пионеры в лагеря",NA,NA,"Как работать пионеру летом","Огиз—Молодая гвардия",NA
1918-1931,4607,method,"Колесников, Л.","Пионерам о VII съезде ВЛКСМ",NA,NA,"Беседы у костра","Огиз—Молодая гвардия",NA
1918-1931,6381,method,"Моденов, Н. Д.","Пионеры, изучайте эсперанто",NA,NA,NA,"изд. ЦИК СССР",NA
1940-1945,836,nonfic,NOAUTHOR,"Задачи Эдисона",NA,"Под ред. Я. И. Перельмана.",NA,"Дом занимательной науки",NA
1932-1939,3324,nonfic,"Соловьев, Г.","Пионеру о военно-морском флоте",NA,NA,NA,Военмориздат,NA
1946-1948,528,album,NOAUTHOR,Зайка,Сборник,"Составила О. Капица. Иллюстр. Ф. Глебова.","Библиотечка детского сада. Мои первые книжки.",Детгиз,"А. Берг. Зайка; Зайкина избушка. (Русская народная сказка.) — Сидит, сидит зайчик. (Русская народная песенка.) — Заинька. (Русская народная песенка.) — Зайчишка - трусишка. (Считалка.) — Загадка"
1932-1939,277,album,NOAUTHOR,"Башня успеха",NA,NA,"Для умелых рук",Сотрудник,NA
1918-1931,5774,method,"Мазуров, П.","Школа в перевыборах советов",NA,NA,NA,Гиз,NA
1932-1939,613,method,"Вишневский, А.; Панова, Н.","Игры юных пионеров",NA,NA,NA,"Огиз—Молодая гвардия",NA
1932-1939,592,album,NOAUTHOR,"Веселая прогулка",NA,"Постановка для   теневого театра. Разработано Т. Караманенко. Текст О. Высотской.","Центр. дом худож. воспитания детей РСФСР. Худож. материалы","Акад. пед. наук СССР",NA
1918-1931,630,nonfic,"Байсутов, Н. И.","Страна кочевников",Монголия,NA,"Читальня советской школы","Работник просвещения",NA
1918-1931,6446,album,NOAUTHOR,"МОЯ АЗБУКА",NA,NA,NA,"Акад. пед. наук СССР",NA
1918-1931,4914,nonfic,"Кригер, Е.","20 событий",NA,"Рис. Житинева.","Ударные книжки","Огиз—Молодая гвардия",NA
1940-1945,1131,method,NOAUTHOR,"Конкурс на лучшее издание книг",NA,NA,"Наркомпрос РСФСР",Детгиз,NA
1932-1939,1912,method,"Ленин, В. И. К.","Положение рабочих и крестьян в царской России",Сборник,NA,"Школьная библиотека",Гослитиздат,NA
1932-1939,2806,method,NOAUTHOR,"Пойду ль я, выйду ль я","Массовые танцы. Подготовлено к печати Центр, домом худож. воспитания детей РСФСР",NA,NA,Искусство,NA
1918-1931,3994,method,NOAUTHOR,"КАК ПРАВИЛЬНО ВЫРАЩИВАТЬ ЦЫПЛЯТ",NA,NA,"Орловск. окр. детск. технич. и с.-х. станция","Акад. пед. наук СССР",NA
1946-1948,1658,method,"Тимофеев, С. И.","Как измерить ширину, глубину и скорость течения реки",NA,"Изд. 2-е","Центральная детская экскурсионно-туристическая станция Министерства просвещения РСФСР","Акад. пед. наук СССР",NA
1932-1939,1946,nonfic,NOAUTHOR,Ловушка-богатырь,NA,NA,NA,"Огиз—Молодая гвардия",NA
1949-1950,163,method,"Быков, Б. Б.","Изучай жизнь птиц",NA,NA,NA,"Ленинградский зоологический сад",NA
1932-1939,2001,nonfic,"Лопатин, П. И.","Москва — Волга",NA,NA,NA,Детиздат,NA
1940-1945,1365,method,NOAUTHOR,"Ловите рыбу",NA,NA,"Управл. начальн. и средн. школ НКП РСФСР. Центр. станция юных натуралистов и опытников с. х. В помощь школьнику","НКП РСФСР",NA
1918-1931,3376,fic,NOAUTHOR,ЗАЙКА,Сборник,"Сост. лит. комиссией при педагогии, учреждении «Наш дом», под ред. Н. Телешова. Рис. И. Ефимова.",NA,Гиз,NA
1918-1931,1845,folk,NOAUTHOR,ВОРОБКА,NA,"Рис. Б. Крюкова.",NA,Культура,NA
1918-1931,7434,method,"Пижонков, А. Ф.","Как организовать детскую артель кролиководов и как вести кролиководство в артели",NA,NA,"Пенз. окр. детск. технич. и с.-х. станция",Средволкрай-полиграфтрест,NA
1932-1939,1820,nonfic,"Кудрявцев, С.","Рождение радио. (Жизнь и деятельность А. С. Попова.) Научная ред. и предисловие проф","В.  К. Лебединского","Рис. и обл. художн. Н. А. Травина.",NA,"Огиз—Молодая гвардия",NA
1932-1939,21,method,NOAUTHOR,Авиаконструктор,NA,NA,NA,"Акад. пед. наук СССР",NA
1932-1939,3255,method,"Сипяков, П.","Фотографирование самодельным фотоаппаратом",NA,NA,"Горьковская краевая детская технич. и с.-х. станция","Акад. пед. наук СССР",NA
1918-1931,3165,album,"Ефимов, А.","Мои друзья",NA,"Рис. А. Ефимова.",NA,Радуга,NA
1946-1948,1095,fic,"Мицкевич, Адам",Избранное,NA,"Редакция и. вступительная статья М. Рыльского. Примечания Н. Грекова. Гравюры на дереве Г. Ечеистова и А. Гончарова.",NA,Детгиз,"М; Рыльский, «Великий польский поэт Адам Мицкевич»; Лирические стихотворения: Песня филаретов; (Перев; Н; Асеева.) — Ода молодости; (Перев; П; Карабана.) — К Неману; (Перев; Б; Турганова.) — К М..; (Перев; С; Мар.)—Фарис; (Перев; П; Карабана.) Из «К р ы м-ских сонетов»: Аккерманские степи; (Перев; И; Бунина.) — Тишина на море; (Перев; В; Левина.)— Морское плаванье; (Перев; В; Левина.) — Буря; (Перев; В; Левина.) — Вид гор из степей Козлова; (Перев; М; Лермонтова.) •—-Гробница Потоцкой; (Перев.; Н; Ушакова.) — Байдарская долина; (Перев; А; Майкова.) — Алушта днем; (Перев; А; Майкова.) — Чатырдаг; (Перев; И; Бунина.) — Каролине Яниш; (Перев; В; Брюсова.)— Смерть командира; (Перев; B; Цвелева.)— Песня скитальца; (Перев; Н; Асеева.) — Изменник; (Перев; П; Карабана.) — Над водным простором; (Перев; Н; Асеева.) Народные баллады; Свитезь; (Перев; П; Карабана.) — Свитезян-ка; (Перев; А; Фета.) — Пани Твардовская; (Перев; М; Голодного.) — Воевода; (Перев; А; Пушкина.) — Будрыс и его сыновья; (Перев; А; Пушкина.) Поэмы: Гражина; (Перев; Г; Оболдуева.) — Из поэмы «Конрад Валленрод»: Вступление; (Перев; А; Пушкина.) — Альпухара; (Перев; Н; Асеева.) — Из приложения к третьей части поэмы «Поминки»: К русским друзьям; (Перев; Г; Оболдуеву.) — Памятник Петру Великому; (Перев; П; Антокольского.)— Пан Тадеуш, или последний наезд на Литве; (Перев; C; Мар.) — Примечания"
1918-1931,7200,method,NOAUTHOR,"ПАМЯТКА ПИОНЕРА-ШКОЛЬНИКА",NA,NA,"Моск. бюро юных пионеров, МК ВЛКСМ и МОНО","изд. МК ВЛКСМ",NA
1918-1931,9880,nonfic,"Фишберг, В.","Открытие и завоевание Америки",NA,"Рис. Кравцова.","Библиотека «Дружные ребята»","Крестьянская газета",NA
1932-1939,1731,fic,"де-Костер, Ш.","Тиль Уленшпигель",NA,"Обработка для детей. Переплет и илл. И. Шабанова.",NA,Детиздат,NA
1940-1945,1732,method,NOAUTHOR,"Памятка юного техника, выезжающего в колхоз на полевые работы",NA,NA,"Центр. станция юных техников им. Н. М. Шверника",Полиграфинститут,NA
1951-1952,1826,method,NOAUTHOR,"Что надо знать о гриппе","Радиолекция для школьников",NA,"Министерство здравоохранения СССР. Центральный институт санитарного просвещения. 3 л.","Акад. пед. наук СССР",NA
1940-1945,616,method,"Грюнберг, О. К.","Разводите коз",NA,NA,"Управл. начальн. и средн. школ НКП РСФСР. Центр. станция юных натуралистов и опытников сел. хоз-ва","Наркомпрос РСФСР и ГИЗ",NA
1918-1931,6900,method,NOAUTHOR,"НОВЫЕ ЗИМНИЕ ИГРЫ","Кружок игр и праздников им. В. Г. Марц",NA,"Библиотечка журн. «Пионер»","Огиз—Молодая гвардия",NA
1918-1931,4008,method,NOAUTHOR,"КАК УСТРОИТЬ ЦВЕТНИК",NA,NA,"Центр. бюро юных натуралистов при Главсоцвосе НКП. В помощь юному натуралисту. Серия 1-я. Весна","Огиз—Молодая гвардия",NA
1949-1950,972,nonfic,"Небылицкий, Б.; Бунимович, Т.","В освобожденной Корее","Записки кинооператоров","Фотоиллюстрации в тексте Б. Небылицкого, Т. Бунимовича и С. Киселева.",NA,Детгиз,NA
1946-1948,699,method,NOAUTHOR,"Конкурс на лучшую художественную книгу  1947 — 1950 гг",NA,NA,NA,Детгиз,NA
1940-1945,563,method,NOAUTHOR,"Готовься стать планеристом","Памятка пионеру",NA,NA,Детиздат,NA
1946-1948,1950,method,"Яковлева, П.","Юные садоводы, уничтожайте вредителей сада",NA,NA,"Всероссийское общество охраны природы","Акад. пед. наук СССР",NA
1918-1931,9345,fic,"Товарищ Еж","Книжка об Октябре",NA,NA,"Приложение к журн. «Еж»",Гиз,NA
1918-1931,724,fic,"Барто, А.; Ечеистов, Г.",Жара-жарища,NA,NA,NA,Культура,NA
1918-1931,7449,nonfic,"Пименова, Э.","Один среди дикарей","Путешествие Миклухи Маклая",NA,"Библиотека «Молодой России»",Книга,NA
1918-1931,5040,album,"Кузнецов, К.","Дружная работа",NA,NA,NA,Гиз,NA
1918-1931,636,nonfic,БАМАТЕР,"Международная детская неделя",NA,NA,"Библиотека юного пионера","Новая Москва",NA
1940-1945,977,method,NOAUTHOR,"Как ориентироваться на местности","Советы юному разведчику","Сост. политрук Н. Цыбин.","Пионер! Будь готов к обороне!",Детгиз,NA
1932-1939,184,fic,NOAUTHOR,"База курносых в гостях у Горького",NA,NA,NA,"Вост.-Сибирское краевое изд-во",NA
1932-1939,1522,method,NOAUTHOR,"Как самим построить буер",NA,NA,"Моск. гор. комитет ВЛКСМ, Моск. гор. отд. нар. образ","Акад. пед. наук СССР",NA
1949-1950,1036,nonfic,"Осипов, К.","Первые русские полярные мореходы",NA,NA,"Школьная историческая библиотека",Учпедгиз,"Введение; 1. Интерес к русскому Северу в Западной Европе; 2. Русские полярные мореходы в XVI—XVII вв; 3. Дежнев; 4. Первая Камчатская экспедиция Беринга; 5. Организация второй Камчатской экспедиции; 6. Морские походы в Америку и Японию; 7. Описание северного побережья России; Заключение; Литература"
1932-1939,2040,method,"Львовский, И. И.","Будь готов к санитарной обороне","Пособие для пионеров и школьников, готовящихся к сдаче норм на значок БГСО",NA,"Испол. ком-т Союза обществ Красного Креста и Красного Полумесяца СССР",Био-медгиз,NA
1918-1931,9115,fic,"Стенли, Г.","В стране черных",NA,"Перераб. Н. С.",NA,Знание,NA
1918-1931,9178,album,"Тамби, В. А.",Корабли,"Картинки с текстом",NA,NA,Гиз,NA
1932-1939,2753,method,NOAUTHOR,"Пионерам и школьникам о противовоздушной и противохимической обороне","Пособие для подготовки к сдаче детских норм «Готов к ПВХО»","Изд. 2-е, исправл.","Управление ПВХО Центр. совета Осоавиахима СССР и РСФСР",Воениздат,NA
1918-1931,10536,method,Шеламский,"Пионеры—активные помощники северного комсомола в его борьбе за новый, индустриальный север","Тезисы содоклада т. Шеламзкого «О работе среди детей»",NA,NA,"Акад. пед. наук СССР",NA
1951-1952,904,method,"Купфер, М.","Модель самолета «Летающее крыло»",NA,NA,"Всесоюзное добровольное общество содействия армии, авиации и флоту. Библиотека юного конструктора","Изд-во ДОСААФ",NA
1932-1939,3161,method,NOAUTHOR,"Сами делаем","Книжка 2-я","Рис. Б. Фридкина",NA,"Харьковский областной комитет Красного креста",NA
1932-1939,2238,nonfic,"Микони, К.; Якубович, Б.",Карандаши,NA,NA,NA,Учпедгиз,NA
1932-1939,2311,method,"Михелян, А. А.","Как сделать фюзеляжную модель самолета",NA,NA,"Горьковская краевая детская технич. и с.-х. станция","Акад. пед. наук СССР",NA
1932-1939,2223,nonfic,"Меркульева, К. А.","Фабрика точности",NA,"Рис. и обл. М. Пащенко. Изд. 2-е, исправл. и доп.",NA,"Огиз—Молодая гвардия",NA
1932-1939,3672,fic,"Ульянова-Елизарова, А. И.","Детские и школьные годы Ильича",NA,NA,NA,Детиздат,NA
1918-1931,10781,method,NOAUTHOR,"ЭКСКУРСИЯ НА ЧУГУНОЛИТЕЙНЫЙ И МАШИНОСТРОИТЕЛЬНЫЙ ЗАВОД","Обращение станции и методич. пособие  ных групп",NA,"Центр. детск. экскурс. станция при ЦБ ДКО и Центр. опытн. экскурсбаза НКП","Огиз—Молодая гвардия",NA
1918-1931,9175,album,"Тамби, В. А.",Автомобиль,"Картинки с текстом",NA,NA,Гиз,NA
1918-1931,6,method,"Аббе, А.","Самодельные электрические аккумуляторы",NA,"Изд. 2-е","Библиотека журн. «В мастерской природы». Для умелых рук","Научное кн-во",NA
1932-1939,365,fic,"Благинина, Е.; Поступальская, М.","Маленький Мук",NA,NA,"Центр. дом худож. воспитания детей","Акад. пед. наук СССР",NA
1918-1931,8707,fic,"Славко, В.",Радио,NA,"Рис. Агнит.",NA,Культура,NA
1918-1931,7933,method,NOAUTHOR,"РАБОТА ОТРЯДОВ ЮНЫХ ПИОНЕРОВ","Опыт работы отрядив и материалы облоюро ЮП",NA,"Облоюро ЮП при Уралобкоме ВЛКСМ","Акад. пед. наук СССР",NA
1932-1939,1493,method,"Иогансон, О. П.","Зоологическое лото",NA,"Рис. художн. Д. Горлова.",NA,"Красная игрушка",NA
1932-1939,1490,method,NOAUTHOR,"Инструкция к планерам «К-21» и «К-22»",NA,NA,NA,"Акад. пед. наук СССР",NA
1918-1931,3531,nonfic,"Захаров, А.","Невидимые жители земли",NA,"Изд. 2-е","Библиотека юного пионера","Новая Москва",NA
1918-1931,6825,method,"Никольский, В. В.","Какое снаряжение нужно взять с сот бой в зимнюю экскурсию-вылазку",NA,NA,"Центр. детск. экскурс. станция ЦБ ДКО ЦК ВЛКСМ и Центр-опытн. экскурсбаза Главсоцвоса НКП","Акад. пед. наук СССР",NA
1918-1931,1821,method,"Волков, С.","Как отряду и пионеру бороться с вредителями и болезнями сельскохозяйственных растений",NA,NA,NA,"изд. Псковск. окружн. детск. и технич. с.-х. станции при окрпионеркабинете и ЦДЮП",NA
1918-1931,1201а,fic,"Борисоглебский, М. В.",Джангыр-бай,NA,"Изд. 3-е",NA,Гиз,NA
1951-1952,514,fic,NOAUTHOR,Детям,"Альманах. Выпуск второй. Редакторы-составители В. Фраерман и А. Лазо. Иллюстрировали сборник художники В. Алфеев-ский, К. Арцеулов, И. Бруни, В. Бо-гаткин, А. Васин, Б. Винокуров, В. Высоцкий, М. Горшман, В. Ермолов, А. Кокорин, А. Короткий, И. Кузнецов, В. Ладягин, А. Лаптев, Б. Маркевич, В. Минаев, Г. Никольский, Е. Рачев и В. Щеглов","Оформление М. Борисовой-Мусатовой.",NA,Детгиз,"АНДРЕЙ ДУ-ГИНЕЦ. У подножия снежных вершин. (Из повести «Золотая чаша Байтемира».) НИКОЛАИ ГА-МОЛКО. Лето в Калиповке. (Из повести.) МАНИВАЛД KF.CA-МАА. Поют пионеры. ГЕОРГИЙ РУБЛЕВ. Солдаты мира; Баллада о корейском летчике; Улица Сталина в Праге. ВИКТОР ГОНЧАРОВ. Сын грузчика; Дин Лингай. ИРИНА ВОЛК. Мансу Муган! (Из книги «Корея в эти дни».) — Встреча на дороге. АЛЕКСАНДР БАТРОВ. Наш друг Хосе. ОЛЕСЯ КРАВЕЦ. Маленькая батрачка. (Из романа «Белый голубь».) ЛЕОНИД ШКАВРО. Солнечное имя. АЛЕКСАНДР КОЗМЕСКУ. Гора Виноградная. ВЛАДИМИР АЛЕКСЕЕВ. Гудок; Наши улицы; Знамя; Бор. МИХАИЛ СЛУЦКИС. Почтальон. ИГОРЬ ЛАШКОВ. Молодогвардейцы; Сбор пионерский посвящен Москве. ЯКОВ АКИМ. Мальчик со скрипкой; Сталинская гвардия; Высотный дом. АННА КОВУ-СОВ. Караван-баши. ТАМАРА ЛИ-ХОТАЛЬ. Всем отрядом. МАШИ-ДАТ ГАИРБЕКОВА. Мальчики в арбе. АННА ШУР. Награждение Татьяны Константиновны. (Из повести «Я ученик школы рабочей молодежи».) АЛЕКСАНДР СОКОЛОВ. Знамя мира. (Из поэмы.) ЭВАЛД ВИЛКДобровольцы. С. К. РОЗАНОВ. Всадник. НИКОЛАЙ ЧЕБАЕВСКИЙ. Полный вперед! — Садоводы. ВАСИЛИИ ВЕЛИКАНОВ. Разбойник и Мишка. ДАНИИЛ АТНИЛОВ. Первый день. А. ЛАСУРИА. В школе. МАРТИН АЛХАСОВ. Ходи, ходи, мой сыночка! ИВАН МОРЖУЕВ. Друзья природы; Своими руками. САЛАМ КАДЫРЗАДЕ. Диктант. ИВАН СИНЯВСКИЙ. Экспонат. ВАЛЕРИАН НАКОРЯКОВ. Лесная сказка. ЛЯБИБЯ ИХСАНО-ВА. Река Серебрянка. ЦЫДЕН-ЖАП ЖИМБИЕВ. Звезда; Имя героини; Сад. ЮРИЙ БОНДАРЕВ. На острове. АЛЕКСАНДР ШИШОВ. В жаркий день. ЮРИИ ЕФРЕМОВ. Приезжайте в Ярославль; Стихотворение. МИХАИЛ ЛЕСНОЙ. Зайчата; В половодье; Игра в прятки; Лесной домик. ДМИТРИЙ ГОЛОВИН. Первый улов. ГЕОРГИИ ДМИТРИЕВ. Скворец. ИВАН МЕДКОВ. Для юных друзей; Воспоминания детства; В саду. СЕМЕН ЕФИМОВ. День на реке. ВЛАДИМИР КОНОВАЛОВ. Аптека зверей; Пещера крылатых докторов; Содружество птиц и зверей; Сойка. ВИТАЛИИ ГАРНОВСКИИ. Птич-ка-неспокойка; Заяц-охотник; Африкановы заботы; Звериный сад; Черемуховый снег"
1932-1939,1343,method,NOAUTHOR,"За изучение природы нашего края",NA,NA,"Боровичский краеведческий музей. Ко всем учащимся ШКМ","Акад. пед. наук СССР",NA
1918-1931,5151,method,"Кутузов, А. Д.","Изготовление акварельных красок",NA,NA,"«Сам себе мастер». Прикладная наука и техника.","Работник просвещения",NA
